KEY,VALUE
synergistic plastic gloves,Synergistic Plastic Gloves
durable wool computer,Durable Wool Computer
annual dues per team 2009 summer swim season,Annual Dues per team 2009 summer swim season
rtjnganan (maoyar} - sz«o (0 napof,rtjnganan (maoyar} - Sz«o (0 napof
ergonomic granite chair,Ergonomic Granite Chair
donee .k er at vel neque molestic coov.illtt.,Donee .K er at vel neque molestic coov.illtt.
practical paper car,Practical Paper Car
tuition for john  doe,Tuition for John Doe
product 1,Product 1
aerodynamic leather computer,Aerodynamic Leather Computer
durable steel bag,Durable Steel Bag
practical leather bench,Practical Leather Bench
synergistic bronze gloves,Synergistic Bronze Gloves
intelligent steel hat,Intelligent Steel Hat
awesome silk pants,Awesome Silk Pants
enormous concrete watch,Enormous Concrete Watch
hp dl380 gen9 24sff custom srv manufacturer part number eb172843 serial no: mxq5510015,HP DL380 GEN9 24SFF CUSTOM SRV Manufacturer Part Number EB172843 Serial No: MXQ5510015
bt headset bfuetooth headset for windows  «able devices,BT Headset Bfuetooth Headset for Windows «able Devices
durable copper chair,Durable Copper Chair
"design meeting with client on may 12, 2009","Design meeting with client on May 12, 2009"
gorgeous iron hat,Gorgeous Iron Hat
small silk shoes,Small Silk Shoes
intelligent rubber chair,Intelligent Rubber Chair
durable concrete keyboard,Durable Concrete Keyboard
mediocre silk knife,Mediocre Silk Knife
intelligent steel bench,Intelligent Steel Bench
sanctuary     rizzo skinny ponte pants,Sanctuary rizzo skinny ponte pants
a case of doer,A case of Doer
this is a test product,this is a test product
fantastic copper computer,Fantastic Copper Computer
gorgeous paper chair,Gorgeous Paper Chair
incredible bronze pants,Incredible Bronze Pants
durable rubber bottle,Durable Rubber Bottle
500 invitations,500 Invitations
synergistic rubber knife,Synergistic Rubber Knife
awesome wooden _amp,Awesome Wooden Lamp
synergistic cotton watch,Synergistic Cotton Watch
ergonomic wool wallet,Ergonomic Wool Wallet
ergonomic aluminum bench,Ergonomic Aluminum Bench
envelops,Envelops
rustic steel lamp,Rustic Steel Lamp
template development,Template Development
oil filter,Oil Filter
gorgeous copper lamp,Gorgeous Copper Lamp
gorgeous granite bag,Gorgeous Granite Bag
cdw custom hw srvr req4443 manufacturer part number req4443,CDW CUSTOM HW SRVR REQ4443 Manufacturer Part Number REQ4443
ergonomic wool chair,Ergonomic Wool Chair
heavy duty wool bottle,Heavy Duty Wool Bottle
ship your idea,Ship Your Idea
rustic granite wallet,Rustic Granite Wallet
web hosting for the 4th quarter of 2007 - $10 per month,web hosting for the 4th quarter of 2007 - $10 per month
bt speakers bluetooth speakers for lenova  laptop,BT Speakers Bluetooth Speakers for lenova Laptop
prepare design documents,Prepare design documents
cmnese (*>s:.h«;a.ai3) - ww,CMnese (*>S:.H«;A.ai3) - WW
enormous wool shirt,Enormous Wool Shirt
fantastic leather shirt,Fantastic Leather Shirt
small paper shoes,Small Paper Shoes
small iron wallet,Small Iron Wallet
gorgeous rubber chair,Gorgeous Rubber Chair
aerodynamic granite bottle,Aerodynamic Granite Bottle
pencils,Pencils
axc200 syringes,AXC200 syringes
heavy duty wooden shoes,Heavy Duty Wooden Shoes
ergonomic wool plate,Ergonomic Wool Plate
ceiingpare,ceiingpare
practical leather hat,Practical Leather Hat
dust and pollen filter,DUST AND POLLEN FILTER
lightweight aluminum keyboard,Lightweight Aluminum Keyboard
rustic silk bottle,Rustic Silk Bottle
heavy duty copper shoes,Heavy Duty Copper Shoes
incredible marble bag,Incredible Marble Bag
mediocre rubber lamp,Mediocre Rubber Lamp
synergistic leather table,Synergistic Leather Table
hea.n dut. _eather watch,Heavy Duty Leather Watch
lightweight linen lamp,Lightweight Linen Lamp
synergistic silk bench,Synergistic Silk Bench
gorgeous granite car,Gorgeous Granite Car
sleek silk computer,Sleek Silk Computer
expedita dignissimos dignissimos modi. expedita dignissimos dignissimos modi. officiis earum quas repudiandae dolore modi accusamus.,Expedita dignissimos dignissimos modi. Expedita dignissimos dignissimos modi. Officiis earum quas repudiandae dolore modi accusamus.
social media   marketing,Social MediaMarketing
aenean eget enim eget augue dictum fringdto et vrtae.,Aenean eget enim eget augue dictum fringdto et vrtae.
intelligent wooden plate,Intelligent Wooden Plate
nunc auctor nisi vel totem aliquot pouontc*ǀue.,Nunc auctor nisi vel totem aliquot poUontc*ǀue.
marketing,Marketing
awesome iron coat,Awesome iron Coat
edit session description,Edit Session Description
kensie     diane belted colorblock tank dress,Kensie Diane Belted Colorblock Tank Dress
aerodynamic alumina dlate,Aerodynamic Alumina Dlate
speech,Speech
consumable,CONSUMABLE
job 2     use this spoce to provide an extra description  ot your services. it required.,Job 2 Use this spoce to provide an extra description ot your services. it required.
gorgeous rubber keyboard,Gorgeous Rubber Keyboard
boys shirt medium size red color,Boys Shirt Medium Size Red Color
small copper gloves,Small Copper Gloves
mediocre copper wallet,Mediocre Copper Wallet
crm plugin,CRM plugin
too 320gb 320gb sata hard onve,tOO 320GB 320GB SATA Hard Onve
durable linen lamp,Durable Linen Lamp
sleek wooden lamp,Sleek Wooden Lamp
ergonomic rubber lamp,Ergonomic Rubber Lamp
lightweight steel bench,Lightweight Steel Bench
rustic bronze knife,Rustic Bronze Knife
sleek leather chair,Sleek Leather Chair
social media  marketing,Social MediaMarketing
practical wooden plate,Practical Wooden Plate
ergonomic granite gloves,Ergonomic Granite Gloves
intelligent steel keyboard,Intelligent Steel Keyboard
enormous rubber car,Enormous Rubber Car
awesome copper pants,Awesome Copper Pants
rustic rubber bag,Rustic Rubber Bag
lightweight leather pants,Lightweight Leather Pants
"wedding piclures, june 16. 2016     use this space lo provide an extro description  ot your services, it required.","Wedding piclures, June 16. 2016 Use this space lo provide an extro description ot your services, it required."
heavy duty copper table,Heavy Duty Copper Table
wordpress installation,WordPress Installation
aerodynamic concrete keyboard,Aerodynamic Concrete Keyboard
cloud slider - order page,Cloud Slider - Order Page
2” nails,2” Nails
men shirt medium size yellow color,Men Shirt Medium Size Yellow Color
fantastic linen computer,Fantastic Linen Computer
professional services,Professional Services
xntellige''t cotton plate,Intelligent Cotton Plate
"wedding piclures, june 16. 2016     01 use this space to provide an extro description ot  your serviced it roquired.","Wedding piclures, June 16. 2016 01 Use this space to provide an extro description ot your serviced it roquired."
in hac habitasse platea dictumst. mauris at.,In hac habitasse platea dictumst. mauris at.
customer support,Customer Support
this is product number 2.,This is product number 2.
vacation package to   acapui.co. mexico,VACATION PACKAGE TO ACAPUI.CO. MEXICO
heavy duty aluminum plate,Heavy Duty Aluminum Plate
pehcntesque habitant morbi.,PeHcntesque habitant morbi.
gorgeous _ ~en pants,Gorgeous Linen Pants
rustic paper gloves,Rustic Paper Gloves
sleek concrete chair,Sleek Concrete Chair
.g montor ico 21* wide screen,.G Montor ICO 21* wide screen
"„rustic pofcoer computer",Rustic Rubber Computer
voucher book,Voucher Book
gorgeous wool bottle,Gorgeous Wool Bottle
rustic copper car,Rustic Copper Car
gorgeous iron keyboard,Gorgeous Iron Keyboard
castrol engine oil1lt,CASTROL ENGINE OIL1LT
enormous cotton computer,Enormous Cotton Computer
inte gent i_eather hat,Intelligent Leather Hat
mediocre cotton lamp,Mediocre Cotton Lamp
video marketing,Video Marketing
rustic leather watch,Rustic Leather Watch
fantastic concrete watch,Fantastic Concrete Watch
practical plastic hat,Practical Plastic Hat
practical bronze bench,Practical Bronze Bench
mediocre wool clock,Mediocre Wool Clock
heavy duty paper coat,Heavy Duty Paper Coat
run your own ads - proration  credit,Run Your Own Ads - Proration Credit
heavy duty wool hat,Heavy Duty Wool Hat
engish - hello,Engish - Hello
pilot development,Pilot Development
durable iron clock,Durable Iron Clock
ergonomic cotton clock,Ergonomic Cotton Clock
aerodynamic paper lamp,Aerodynamic Paper Lamp
vel nihil quidem aspernatur laborum. vel nihil quidem aspernatur laborum. quae ab sapiente sunt.,Vel nihil quidem aspernatur laborum. Vel nihil quidem aspernatur laborum. Quae ab sapiente sunt.
lightweight linen watch,Lightweight Linen Watch
verbling language lessons,Verbling Language Lessons
lightweight silk bench,Lightweight Silk Bench
hp gen8 600gb 6gsas 10k 2.5 sc ent manufacturer part number 652583-b21 serial no: 6c3539e6bm serial no: 6c3539e659,HP GEN8 600GB 6GSAS 10K 2.5 SC ENT Manufacturer Part Number 652583-B21 Serial No: 6C3539E6BM Serial No: 6C3539E659
"review design documents with client on may 30, 2009","Review design documents with client on May 30, 2009"
small marble coat,Small Marble Coat
colon blue,colon Blue
print,Print
lightweight marble gloves,Lightweight Marble Gloves
thml     hydee embroidered cinch waist top,THMHydee Embroidered Cinch Waist TopL
windshield cleaner co,WINDSHIELD CLEANER CO
nokia 3220,Nokia 3220
durable marble lamp,Durable Marble Lamp
"lightweight /c"" wallet",Lightweight Iron Wallet
ergonomic leather bag,Ergonomic Leather Bag
heavy duty plastic car,Heavy Duty Plastic Car
ergonomic concrete bag,Ergonomic Concrete Bag
incredible copper pants,Incredible Copper Pants
durable leather plate,Durable Leather Plate
mediocre concrete coat,Mediocre Concrete Coat
servicing charges,SERVICING CHARGES
small wool clock,Small Wool Clock
rustic wool gloves,Rustic Wool Gloves
template design     simple design based on logo and corporate colors given. one design with two  revision stages.,Template Design Simple design based on logo and corporate colors given. One design with two revision stages.
mobile alarm gps locator,Mobile Alarm GPS Locator
discount,Discount
small rubber knife,Small Rubber Knife
ergonomic linen wallet,Ergonomic Linen Wallet
mediocre rubber hat,Mediocre Rubber Hat
synergistic bronze computer,Synergistic Bronze Computer
gorgeous rubber shoes,Gorgeous Rubber Shoes
aerodynamic linen table,Aerodynamic Linen Table
awesome aluminum clock,Awesome Aluminum Clock
durable copper wallet,Durable Copper Wallet
dram 1g8 dram,DRAM 1G8 DRAM
ergonomic bronze shoes,Ergonomic Bronze Shoes
pilot d^y ^'vrrjopt,Pilot D^y ^'vrrjopt
sleek copper computer,Sleek Copper Computer
shared hosting,Shared Hosting
mediocre marble clock,Mediocre Marble Clock
synergistic aluminum shirt,Synergistic Aluminum Shirt
synergistic granite coat,Synergistic Granite Coat
motorola e815,Motorola E815
mediocre aluminum gloves,Mediocre Aluminum Gloves
sample invoice for two hours of service,Sample invoice for two hours of service
sample product item,Sample product Item
synergistic paper knife,Synergistic Paper Knife
mediocre plastic coat,Mediocre Plastic Coat
finance plugin,Finance plugin
mediocre iron gloves,Mediocre Iron Gloves
consultation,Consultation
awesome cotton shirt,Awesome Cotton Shirt
rustic leather car,Rustic Leather Car
ergonomic iron keyboard,Ergonomic Iron Keyboard
aerodynamic marble watch,Aerodynamic Marble Watch
"ps150-centric sj5_8, lorentz pump/controller","PS150-Centric SJ5_8, Lorentz Pump/Controller"
vas scaning,VAS Scaning
active member dues national dues,Active Member Dues National Dues
awesome granite keyboard,Awesome Granite Keyboard
aerodynamic aluminum car,Aerodynamic Aluminum Car
"october 3, 2012","October 3, 2012"
aerodynamic marble lamp,Aerodynamic Marble Lamp
chapter dues,Chapter Dues
2gb dedicated ram,2GB Dedicated RAM
mediocre steel shirt,Mediocre Steel Shirt
aerodynamic marble bag,Aerodynamic Marble Bag
la made     luci braid detail 3/4sleeve knit top,LA MADE Luci Braid Detail 3/4Sleeve Knit Top
intelligent wooden computer,Intelligent Wooden Computer
sod oget rbusac lac us tempert lolhcrtikhn inat magru.,Sod oget rbusac lac us tempert lolhcrtiKhn inat magru.
incredible copper watch,Incredible Copper Watch
logitech sc amor document scanner,Logitech Sc amor Document Scanner
aerodynamic leather shirt,Aerodynamic Leather Shirt
quam accusantium minus,QUAM ACCUSANTIUM MINUS
synergistic copper computer,Synergistic Copper Computer
gorgeous copper bottle,Gorgeous Copper Bottle
greek (cmnvw0) - teio ooc,Greek (cMnvw0) - Teio ooc
enormous marble shirt,Enormous Marble Shirt
itisa service,Itisa service
woo album #3,Woo Album #3
gorgeous iron pants,Gorgeous Iron Pants
gorgeous plastic f ate,Gorgeous Plastic F ate
intelligent marble car,Intelligent Marble Car
"october 4, 2012","October 4, 2012"
practical iron table,Practical Iron Table
aerodynamic rubber clock,Aerodynamic Rubber Clock
overnight shipping & icepack packaging,Overnight shipping & icepack packaging
intelligent leather pants,Intelligent Leather Pants
"october 10, 2012","October 10, 2012"
awesome steel shoes,Awesome Steel Shoes
this is a sample product,This is a sample product
rj»an (pycckxi») - 3ap»bctey*rel,Rj»an (pycCKXi») - 3aP»BCTey*rel
remove create links - proration  credit,Remove Create Links - Proration Credit
hp 81 e 8gb sp pci-e fc hba manufacturer part number aj762b serial no: 5cf5430gdd serial no: 5cf5430gxs,HP 81 E 8GB SP PCI-E FC HBA Manufacturer Part Number AJ762B Serial No: 5CF5430GDD Serial No: 5CF5430GXS
"gorgeous silkf ,nputer",Gorgeous Silk Computer
fantastic marble gloves,Fantastic Marble Gloves
castrol engine oil 4lt,CASTROL ENGINE OIL 4LT
rustic silk computer,Rustic Silk Computer
web hosting,Web Hosting
kiyean ǀ»i) - /oiyeǀ4jqot,Kiyean ǀ»i) - /oiyeǀ4jqot
sonnco 1,Sonnco 1
practical silk hat,Practical Silk Hat
durable cotton keyboard,Durable Cotton Keyboard
durable copper watch,Durable Copper Watch
labor - example labor item. quantity is number of hours  spert. price is hourly rate. quantity accepts decimal values.,Labor - Example labor item. Quantity is number of hours spert. price is hourly rate. Quantity accepts decimal values.
incredible concrete shoes,Incredible Concrete Shoes
japarwe(qalb)-ca.lc5u/ir:»a,Japarwe(QalB)-CA.lC5U/Ir:»A
aerodynamic bronze plate,Aerodynamic Bronze Plate
nmg plus - annual - proration,Nmg Plus - Annual - Proration
motorola v3 razr black,Motorola V3 Razr Black
lightweight cotton hat,Lightweight Cotton Hat
awesome cotton plate,Awesome Cotton Plate
"october 5, 2012","October 5, 2012"
small aluminum pants,Small Aluminum Pants
gorgeous copper tab’e,Gorgeous Copper Table
non-taxable item,Non-taxable item
wall pant,wall pant
rustic bronze bench,Rustic Bronze Bench
"basic xhtml, css, and php static website. includes single auto responding  contact form.","Basic XHTML, CSS, and PHP static website. Includes single auto responding contact form."
brake cleaning,brake cleaning
gorgeous rubber lame,Gorgeous rubber Lame
click to update donation,Click to update donation
invoices plugin,Invoices plugin
awesome bronze wallet,Awesome Bronze Wallet
heavy duty linen car,Heavy Duty Linen Car
awesome marble hat,Awesome Marble Hat
test import name - description goes here,Test Import Name - Description Goes Here
awesome paper shirt,Awesome Paper Shirt
service activation for the pt8200,Service activation for the PT8200
"printed chiffon dress - size : s, color  : yellow","Printed Chiffon Dress - Size : S, Color : Yellow"
answer booklet ( a4.2 page both  side),Answer Booklet ( A4.2 Page Both Side)
sleek plastic computer,Sleek Plastic Computer
lightweight paper keyboard,Lightweight Paper Keyboard
synergistic granite plate,Synergistic Granite Plate
development,Development
intelligent bronze chair,Intelligent Bronze Chair
item one - commercial cleaning service,Item One - Commercial Cleaning Service
small cotton computer,Small Cotton Computer
gergeo-saluminum lest,Gergeo-sAluminum lest
intelligent rubber coat,Intelligent Rubber Coat
s eek linen kevbeard,Sleek Linen Keyboard
intelligent paper shoes,Intelligent Paper Shoes
500 gb dedicated disk space,500 GB Dedicated Disk Space
proof of concept,Proof of Concept
durable silk table,Durable Silk Table
hp ethernet 10gb 2p 560sfp adapter manufacturer part number 665249-b21 serial no: myi5410hlx,HP ETHERNET 10GB 2P 560SFP ADAPTER Manufacturer Part Number 665249-B21 Serial No: MYI5410HLX
"october 11, 2012","October 11, 2012"
durable marble table,Durable Marble Table
gorgeous plastic shoes,Gorgeous Plastic Shoes
incredible paper keyboard,Incredible Paper Keyboard
750 locates per month subscription up,750 locates per month subscription UP
small marble ate,Small Marble Plate
awesome linen bag,Awesome Linen Bag
fantastic rubber plate,Fantastic Rubber Plate
control panel module,Control Panel module
design services,Design services
item two - window cleaning,Item Two - Window cleaning
fantastic steel car,Fantastic Steel Car
ergonomic bronze knife,Ergonomic Bronze Knife
job 2     02 use this space to prwide an extra description ot,Job 2 02 Use this space to prwide an extra description ot
300-word post with 2 links to sophie’s candles,300-word post with 2 links to Sophie’s Candles
s_hip_you.r_ide.a,S_hip_You.r_Ide.a
design,Design
testing     basic cross browser testing and php testing performed.,Testing Basic cross browser testing and php testing performed.
lightweight plastic wallet,Lightweight Plastic Wallet
client overpayment / refund,Client overpayment / Refund
sleek aluminum shirt,Sleek Aluminum Shirt
lightweight granite keyboard,Lightweight Granite Keyboard
awesome cotton bottle,Awesome Cotton Bottle
public access for support tickets,Public access for support tickets
practical steel table,Practical Steel Table
synergistic silk bottle,Synergistic Silk Bottle
intelligent linen pants,Intelligent Linen Pants
service 1,Service 1
pcflsn ifezyk poisko - ozien dooryl / c?*«!,Pcflsn Ifezyk poiskO - Ozien dooryl / C?*«!
small rubber shirt,Small Rubber Shirt
small wooden hat,Small Wooden Hat
ergonomic silk shoes,Ergonomic Silk Shoes
mediocre concrete hat,Mediocre Concrete Hat
boys shirt small size orange color,Boys Shirt Small Size Orange Color
washing,Washing
incredible marble hat,Incredible Marble Hat
synergistic rubber computer,Synergistic Rubber Computer
durable leather shirt,Durable Leather Shirt
helpdesk plugin license,Helpdesk plugin license
air filter,AIR FILTER
frendi pwcasj - bonoor / saw,Frendi pwcasj - BonOor / SaW
la made     alexa cross-front striped shirt,LA MADE Alexa Cross-Front Striped Shirt
jin 21 reagent,JIN 21 reagent
plug with,PLUG WITH
gorgeous concrete shirt,Gorgeous Concrete Shirt
fantastic rubber clock,Fantastic Rubber Clock
